REQ_ID,Description,Type,Priority,Status,Domain,Feature,Verification_Method,Verification_Criteria,Verification_Status,Traces_To_Arch,Traces_To_SW,Traces_To_Test,Phase,Rationale
SYS-REQ-001,The system shall capture Ethernet packets on the Raspberry Pi interface at a minimum rate of 100 packets per second,Functional,Critical,Created,System,01_Network_Traffic_Capture,Test,System successfully captures 100+ packets/second in test environment for 60 seconds continuous operation,Not Tested,ARCH-001,"SW-REQ-001, SW-REQ-002",TC-SYS-001,Phase 1,Minimum throughput needed for real-time detection of typical network attacks
SYS-REQ-002,"The system shall parse captured packets and extract source IP, destination IP, source port, destination port, protocol, packet length, and TCP flags",Functional,Critical,Created,System,01_Network_Traffic_Capture,Test,All specified fields extracted correctly for 100 test packets with 100% accuracy,Not Tested,ARCH-001,"SW-REQ-003, SW-REQ-004",TC-SYS-002,Phase 1,Required packet metadata for ML feature engineering
SYS-REQ-003,The system shall store captured packet data in PCAP format for offline analysis,Functional,High,Created,System,01_Network_Traffic_Capture,Test,Generated PCAP files can be opened in Wireshark and contain all captured packets,Not Tested,ARCH-001,SW-REQ-005,TC-SYS-003,Phase 1,Enable post-analysis and debugging of detection results
SYS-REQ-004,The system shall continue capturing packets even when storage is >80% full by implementing circular buffer mechanism,Non-Functional,Medium,Created,System,01_Network_Traffic_Capture,Test,System operates continuously for 24 hours with limited storage without crashes,Not Tested,ARCH-001,SW-REQ-006,TC-SYS-004,Phase 1,Prevent system failure due to storage limitations
SYS-REQ-005,The system shall detect port scanning attacks with minimum 90% accuracy and maximum 5% false positive rate,Performance,Critical,Created,System,02_ML_IDS,Test,Detection accuracy ≥90% and false positive rate ≤5% on validation dataset of 1000 samples,Not Tested,ARCH-002,"SW-REQ-010, SW-REQ-011",TC-SYS-010,Phase 1,Industry standard for IDS performance
SYS-REQ-006,The system shall detect DoS (Denial of Service) attacks with minimum 90% accuracy and maximum 5% false positive rate,Performance,Critical,Created,System,02_ML_IDS,Test,Detection accuracy ≥90% and false positive rate ≤5% on validation dataset of 1000 samples,Not Tested,ARCH-002,SW-REQ-012,TC-SYS-011,Phase 1,Critical attack type for network security
SYS-REQ-007,The system shall detect data exfiltration attempts with minimum 85% accuracy,Performance,High,Created,System,02_ML_IDS,Test,Detection accuracy ≥85% on validation dataset of 500 samples,Not Tested,ARCH-002,SW-REQ-013,TC-SYS-012,Phase 1,"Data exfiltration patterns are more subtle, 85% accuracy is acceptable"
SYS-REQ-008,"The system shall extract network flow features including packet count, byte count, average packet size, inter-arrival time statistics, and protocol distribution within configurable time windows",Functional,Critical,Created,System,02_ML_IDS,Test,All specified features extracted correctly and values match manual calculation for 10 sample flows,Not Tested,ARCH-002,"SW-REQ-014, SW-REQ-015",TC-SYS-013,Phase 1,Essential features for ML-based attack detection
SYS-REQ-009,The system shall process network traffic and generate attack alerts with maximum latency of 100ms from packet arrival to alert generation,Performance,High,Created,System,02_ML_IDS,Test,95% of alerts generated within 100ms measured over 1000 detections,Not Tested,ARCH-002,SW-REQ-016,TC-SYS-014,Phase 1,Real-time detection requirement for effective threat response
SYS-REQ-010,The system shall support training and updating ML models without system restart,Functional,Medium,Created,System,02_ML_IDS,Demonstration,Successfully load new model and detect attacks without service interruption,Not Tested,ARCH-002,SW-REQ-017,TC-SYS-015,Phase 2,Enable model improvements without downtime
SYS-REQ-011,"The STM32 gateway shall detect malformed Ethernet packets (invalid length, corrupted headers, invalid checksums) with minimum 85% accuracy",Performance,Critical,Created,Hardware,03_TinyML_Fuzzing_Detection,Test,Detection accuracy ≥85% on test set of 500 malformed packets,Not Tested,ARCH-003,"SW-REQ-020, SW-REQ-021",TC-SYS-020,Phase 1,Fuzzing detection at edge provides first line of defense
SYS-REQ-012,The TinyML model on STM32 shall have maximum size of 100KB including weights and architecture,Non-Functional,Critical,Created,Hardware,03_TinyML_Fuzzing_Detection,Inspection,Compiled model binary size ≤100KB verified by checking file size,Not Tested,ARCH-003,SW-REQ-022,TC-SYS-021,Phase 1,STM32H755 flash memory constraint
SYS-REQ-013,The STM32 shall perform fuzzing detection inference with maximum latency of 10ms per packet,Performance,High,Created,Hardware,03_TinyML_Fuzzing_Detection,Test,95% of inferences complete within 10ms measured over 1000 packets,Not Tested,ARCH-003,SW-REQ-023,TC-SYS-022,Phase 1,Real-time processing requirement for gateway operation
SYS-REQ-014,The STM32 TinyML model shall use maximum 50KB RAM during inference,Non-Functional,High,Created,Hardware,03_TinyML_Fuzzing_Detection,Test,Peak RAM usage ≤50KB measured during inference execution,Not Tested,ARCH-003,SW-REQ-024,TC-SYS-023,Phase 1,"STM32H755 has 1MB RAM, leave headroom for other functions"
SYS-REQ-015,The system shall simulate port scanning attacks targeting configurable port ranges at configurable rates (1-1000 ports/second),Functional,High,Created,System,04_Attack_Simulation,Test,Generated traffic matches expected port scan pattern verified by packet analysis,Not Tested,ARCH-004,SW-REQ-030,TC-SYS-030,Phase 1,Required for testing detection capabilities
SYS-REQ-016,The system shall simulate DoS attacks by generating high-rate traffic (up to 1000 packets/second) to target IP addresses,Functional,High,Created,System,04_Attack_Simulation,Test,Traffic rate measured at receiver matches configured rate ±5%,Not Tested,ARCH-004,SW-REQ-031,TC-SYS-031,Phase 1,Test system resilience to high traffic loads
SYS-REQ-017,"The system shall simulate fuzzing attacks by generating packets with randomized fields (invalid lengths, corrupted headers, random payloads)",Functional,High,Created,System,04_Attack_Simulation,Test,Generated packets contain expected malformations verified by manual inspection of 10 sample packets,Not Tested,ARCH-004,SW-REQ-032,TC-SYS-032,Phase 1,Test fuzzing detection capability of STM32
SYS-REQ-018,The system shall simulate data exfiltration by generating sustained high-volume upload traffic to external IP addresses,Functional,Medium,Created,System,04_Attack_Simulation,Test,Traffic pattern matches expected exfiltration signature verified by IDS detection,Not Tested,ARCH-004,SW-REQ-033,TC-SYS-033,Phase 1,Test data exfiltration detection
SYS-REQ-019,"The attack simulator shall log all generated attack parameters (type, target, duration, rate) for test traceability",Functional,Medium,Created,System,04_Attack_Simulation,Inspection,Log file contains all required parameters for 10 simulated attacks,Not Tested,ARCH-004,SW-REQ-034,TC-SYS-034,Phase 1,Enable reproducible testing and debugging
SYS-REQ-020,The Raspberry Pi and STM32 shall communicate via Ethernet using TCP/IP protocol with reliable delivery,Interface,Critical,Created,System,05_System_Integration,Test,100 consecutive messages exchanged without packet loss,Not Tested,ARCH-005,"SW-REQ-040, SW-REQ-041",TC-SYS-040,Phase 1,Reliable communication essential for system operation
SYS-REQ-021,The STM32 shall report fuzzing detection alerts to Raspberry Pi within 50ms of detection,Performance,High,Created,System,05_System_Integration,Test,95% of alerts delivered within 50ms measured over 100 detections,Not Tested,ARCH-005,SW-REQ-042,TC-SYS-041,Phase 1,Timely alert delivery for coordinated threat response
SYS-REQ-022,"The system shall implement automatic reconnection if Ethernet connection is lost, with maximum 5 retry attempts",Non-Functional,Medium,Created,System,05_System_Integration,Test,System successfully reconnects after simulated cable disconnect within 10 seconds,Not Tested,ARCH-005,SW-REQ-043,TC-SYS-042,Phase 2,System resilience to network interruptions
SYS-REQ-023,The system shall use static IP addressing for Pi (192.168.10.1) and STM32 (192.168.10.2) for predictable network configuration,Interface,High,Created,System,05_System_Integration,Test,Both devices configured with specified IP addresses verified by ping test,Not Tested,ARCH-005,SW-REQ-044,TC-SYS-043,Phase 1,Simplify setup and avoid DHCP dependency
SYS-REQ-024,The system shall include automated unit tests with minimum 80% code coverage for Python modules,Non-Functional,High,Created,Software,06_Testing_Infrastructure,Test,Coverage report shows ≥80% line coverage for all Python modules,Not Tested,ARCH-006,SW-REQ-050,TC-SYS-050,Phase 2,Industry best practice for code quality
SYS-REQ-025,The CI/CD pipeline shall execute all tests and static analysis on every commit to main branch,Non-Functional,High,Created,Software,06_Testing_Infrastructure,Demonstration,GitHub Actions workflow executes and completes for test commit,Not Tested,ARCH-006,SW-REQ-051,TC-SYS-051,Phase 2,Ensure code quality and prevent regressions
SYS-REQ-026,"The system shall run static code analysis (Pylint, Flake8) and fail builds with code quality score below 8.0/10",Non-Functional,Medium,Created,Software,06_Testing_Infrastructure,Test,Pipeline rejects code with quality score <8.0 demonstrated with intentionally poor code,Not Tested,ARCH-006,SW-REQ-052,TC-SYS-052,Phase 2,Maintain consistent code quality
SYS-REQ-027,The Raspberry Pi shall connect to WiFi network and maintain stable connection with automatic reconnection on failure,Functional,High,Created,System,07_Cloud_Connectivity,Test,WiFi connection maintained for 24 hours with <1 minute total downtime,Not Tested,ARCH-007,SW-REQ-060,TC-SYS-060,Phase 3,Enable cloud data upload and remote monitoring
SYS-REQ-028,The system shall upload attack detection alerts to cloud endpoint within 5 seconds of detection,Performance,Medium,Created,System,07_Cloud_Connectivity,Test,90% of alerts uploaded within 5 seconds measured over 100 detections,Not Tested,ARCH-007,SW-REQ-061,TC-SYS-061,Phase 3,Timely cloud notification for remote monitoring
SYS-REQ-029,The system shall buffer alerts locally when cloud connection is unavailable and upload when connection is restored,Functional,Medium,Created,System,07_Cloud_Connectivity,Test,Alerts buffered during 5-minute disconnection successfully uploaded after reconnection,Not Tested,ARCH-007,SW-REQ-062,TC-SYS-062,Phase 3,Ensure no alert loss during network outages
SYS-REQ-030,"The system shall provide real-time dashboard displaying current system status, alert count, and detection statistics",Functional,Medium,Created,System,08_Dashboard_Monitoring,Demonstration,Dashboard displays and updates within 5 seconds of system state change,Not Tested,ARCH-008,SW-REQ-070,TC-SYS-070,Phase 3,User visibility into system operation
SYS-REQ-031,The system shall send email notifications for critical alerts (detected attacks) within 1 minute of detection,Functional,Low,Created,System,08_Dashboard_Monitoring,Test,Email received within 1 minute for 10 test alerts,Not Tested,ARCH-008,SW-REQ-071,TC-SYS-071,Phase 3,Remote notification capability
SYS-REQ-032,"The STM32 firmware shall implement Classic AUTOSAR architecture with BSW, RTE, and ASW layers",Functional,Medium,Created,Software,09_AUTOSAR_Integration,Inspection,Code structure follows AUTOSAR layering verified by architecture review,Not Tested,ARCH-009,SW-REQ-080,TC-SYS-080,Phase 4,Demonstrate automotive software architecture expertise
SYS-REQ-033,The Raspberry Pi shall implement Adaptive AUTOSAR service-oriented architecture with ara::com communication,Functional,Low,Created,Software,09_AUTOSAR_Integration,Test,Services communicate via ara::com demonstrated with test service calls,Not Tested,ARCH-009,SW-REQ-081,TC-SYS-081,Phase 4,Showcase next-generation automotive architecture
SYS-REQ-034,The system shall support over-the-air firmware updates for both Raspberry Pi and STM32 with cryptographic signature verification,Security,Medium,Created,System,10_Secure_FOTA,Test,Successfully update firmware and reject unsigned/tampered updates,Not Tested,ARCH-010,"SW-REQ-090, SW-REQ-091",TC-SYS-090,Phase 4,Demonstrate secure update capability
SYS-REQ-035,The system shall implement A/B partition scheme for Raspberry Pi allowing rollback to previous firmware on update failure,Functional,Medium,Created,System,10_Secure_FOTA,Test,System successfully rolls back after simulated update failure,Not Tested,ARCH-010,SW-REQ-092,TC-SYS-091,Phase 4,Prevent bricking from failed updates
SYS-REQ-036,The Raspberry Pi shall update STM32 firmware via Ethernet using secure bootloader protocol,Functional,Medium,Created,System,10_Secure_FOTA,Test,STM32 firmware successfully updated from Pi with integrity verification,Not Tested,ARCH-010,SW-REQ-093,TC-SYS-092,Phase 4,Centralized update management from Pi
SYS-REQ-037,The STM32 shall implement secure boot chain verifying bootloader and application signatures before execution,Security,High,Created,Hardware,11_Security_Hardening,Test,System refuses to boot with tampered/unsigned firmware,Not Tested,ARCH-011,SW-REQ-100,TC-SYS-100,Phase 4,Establish root of trust
SYS-REQ-038,The system shall use hardware security module (TPM/ATECC608) for cryptographic key storage with keys never exposed in software,Security,High,Created,Hardware,11_Security_Hardening,Test,Private keys used for signing but not readable from software demonstrated by test,Not Tested,ARCH-011,SW-REQ-101,TC-SYS-101,Phase 4,Protect cryptographic material
SYS-REQ-039,All Ethernet communication between Pi and STM32 shall be encrypted using TLS 1.3,Security,Medium,Created,System,11_Security_Hardening,Test,"Network traffic analysis shows encrypted payloads, decryption fails without proper keys",Not Tested,ARCH-011,SW-REQ-102,TC-SYS-102,Phase 4,Protect inter-device communication
SYS-REQ-040,The system shall implement anti-tampering detection and wipe cryptographic keys if hardware tampering is detected,Security,Low,Created,Hardware,11_Security_Hardening,Test,"Keys erased after simulated tampering event (voltage glitch, debug probe)",Not Tested,ARCH-011,SW-REQ-103,TC-SYS-103,Phase 4,Protect against physical attacks
